competitor,tier,founded,hq,price_entry_usd_mo,price_top_published_usd_mo,addons,funding_total_usd_m,latest_round,valuation_usd_m,investors,customer_count,profile_count_m,ats_integrations,outreach_channels,free_tier_real,chrome_extension,team_collab,soc2,key_user_complaint,differentiator_vs_hirelix,scrape_date
Juicebox,Tier1_UX_Direct,2023,San Francisco CA,139,199,Agents+199/mo;Custom Business,116,Series B (Mar 2026),850,DST Global+Sequoia+Coatue+YC+NFDG+Verified,25000_teams,800,41 ATS + 21 CRM,Email only (no LinkedIn InMail),Yes_limited_searches,Yes,Yes (Growth+),Available_paid_only,Data freshness 30%/year decay; Chrome extension triggers LinkedIn bans; Email-only outreach,Auto target-company list + 3-stage scoring (Light/Judge/Arbiter) + join_likelihood,2026-04-27
Pin,Tier1_UX_Direct,2023,New York NY,99,249,SSO/SAML+150/mo;SCIM+150/mo,3,Seed (Expa),NA,Expa Ventures,600plus_at_seed,850,120plus,Email+LinkedIn+SMS multi-channel,Yes_no_credit_card,Yes,Yes_team_inbox,Yes_SOC2_Type_2,Newer brand; some users say feature breadth more than depth,Code-anchored 3-stage scoring + GitHub enrichment + lateral-pool & target-company auto-derivation,2026-04-27
HeroHunt,Tier1_UX_Direct,2021,Amsterdam NL,NA,NA,NA,0,Unfunded,NA,Bootstrapped,NA,1000,NA,Email + automated outreach,Yes_start_free,No_obvious,No_obvious,NA,Smaller brand; lacks ATS depth,3-stage AI scoring + multi-source recall (LinkedIn+GitHub+Serper); HeroHunt heavy on real-time data narrative but light on scoring transparency,2026-04-27
GoPerfect,Tier1_UX_Direct,2022,Israel/US,NA_demo_only,NA_demo_only,NA,23,Seed,NA,Hanaco Ventures+Joule Ventures+Samsung Young Sohn,Fortune500_logos,NA,Yes,Email+LinkedIn,No_demo_required,NA,NA,NA,No public pricing; annual contract required; sales-led only,Self-serve checkout; Pro $79/mo annual; transparent pricing,2026-04-27
hireEZ,Tier2_Mirror_Higher_Price,2019_as_Hiretual,Mountain View CA,Removed_2025,Removed_2025,NA,52plus,Series B (Jan 2022),NA,Conductive Ventures+others,Zoom+Lyft+Wayfair+Postman+Hilton enterprise,800,30plus_two_way_sync,Email+LinkedIn,No,Yes,Yes,Yes_legacy,"First year great, then quadruple price at renewal" (Reddit consensus); UI shows its age,Transparent pricing; no surprise renewal hikes; same $79/mo year over year,2026-04-27
Fetcher,Tier2_Mirror_Higher_Price,2014_as_Caliber,New York NY,379,649,Custom Enterprise,40,Series B (May 2022),NA,Tola Capital+G20+KFund+Accomplice,NA,500,Yes_basic,Email outreach + LinkedIn plugin,No,Yes,Yes,Yes,Higher floor price ($379); slower (24-72h human-review queue); features locked behind quotas,Pure-AI 5x lower entry price; 3-5 min from JD to shortlist; no human-review wait,2026-04-27
SeekOut,Tier3_Enterprise_Adjacent,2017,Seattle WA,179_Recruit_Lite_$2150_yr,833plus_enterprise,SeekOut Spot per-role; Healthcare add-on,189,Series C (Jan 2022),1200,Tiger Global+Madrona Ventures,750plus_enterprises,1000,Yes,Email integration + AI multi-step campaigns,Yes_14_day_trial,Yes,Yes,Yes,Phone/email accuracy issues; steep learning curve; expert-tool feel,Targeted at SMB/single recruiter not enterprise; 3-stage scoring transparency; lower entry $79,2026-04-27
LinkedIn_Recruiter,Tier4_Adjacent_Premium,2002,Sunnyvale CA,Approx_750_seat,Approx_1250_seat,Hiring Assistant add-on +1250-1667/mo,NA_part_of_Microsoft,NA,NA,Microsoft (parent),Industry_standard_global,1000_LinkedIn_members,Native (LinkedIn Talent ecosystem),InMail (150/seat/month),No,Native_LinkedIn,Yes,Yes_Microsoft_grade,InMail response rate ~5%; expensive vs results; manual search; Recruiter Lite discontinued in many regions 2024,Lower price by ~10x; AI auto-search vs manual boolean; multi-source data (not LinkedIn-only),2026-04-27
Hirelix,Self,2025_2026,Founder_Solo,79_annual,99_monthly,Search Pack $19/10x;Contact Pack $29/25x,NA,Pre-revenue,NA,Self-funded,Paid_Beta_users,Bright_Data_realtime,None,Email draft (no send),"1 search/mo" (effectively too restrictive),No,No,No,N/A (own product),Three-stage AI scoring (Light/Judge/Arbiter) + JD->headhunter brief auto-derivation (lateral pool/target companies) + join_likelihood dimension,2026-04-27
