date,priority,prospect_name,first_name,title,company,region,email,email_source,email_confidence,source_url,fit_reason,status,notes
2026-05-25,1,Sam Jones,Sam,Founder,People In AI,United States,samjones@peopleinai.com,Hunter email-finder,98,https://featured.com/p/sam-jones-8138,"Founder of AI recruitment agency focused on AI engineering, ML, data engineering, MLOps, data science, cloud, computer vision, and robotics.",ready_pending_sender,"Strong ICP. Public pages and LinkedIn posts show active AI/ML recruitment and recruitment technology interest."
2026-05-25,2,Will Sanders,Will,Founder / CEO,Recruiting from Scratch,United States,will@recruitingfromscratch.com,Hunter email-finder,98,https://www.recruitingfromscratch.com,"Founder of software-driven technical recruiting firm for AI-native startups; public site emphasizes senior software engineers, better candidate quality, and recruiter productivity.",ready_pending_sender,"Strong feedback target. May be adjacent/competitive, but very relevant for early product critique."
2026-05-25,3,Elena Volk,Elena,Founder,EvoTalents,UK / Ukraine,elenavolk@evotalents.com,Public website + Hunter email-finder,97,https://evotalents.com/en,"Founder of IT recruitment agency; public pages discuss sourcing hard-to-reach engineers, GitHub/X-Ray search, RPO, market analysis, and recruiter training.",ready_pending_sender,"Excellent fit for sourcing-workflow feedback. Site also publishes direct contact emails."
2026-05-25,4,Elliot Kipling,Elliot,Founder,Artifeks,United Kingdom,elliot@artifeks.co.uk,Hunter email-finder,95,https://prospeo.io/c/artifeks,"Founder of boutique software-engineering recruitment agency for technology startups and scale-ups across Europe and the US.",ready_pending_sender,"Small agency founder; likely close to day-to-day sourcing and outreach pains."
2026-05-25,5,Brian K. Williams,Brian,Senior Technical Recruiter and Founder,MyTechHire,United States,brian@mytechhire.com,Hunter email-finder,98,https://www.linkedin.com/in/brian-k-williams-40a4a79,"Founder and senior technical recruiter; existing LinkedIn tracker notes AI, robotics, and space-team recruiting relevance.",ready_pending_sender,"Good solo/founder persona. Email verified by Hunter with high confidence."
2026-05-25,6,Sonny Sarna,Sonny,Physical AI / Robotics / Executive Search,Recruit Year,United States,sonny@recruityear.com,Hunter email-finder,99,https://recruityear.com/blogs,"Recruiter placing specialist talent across technology, robotics, AI, and executive search.",ready_pending_sender,"Highly relevant to AI/robotics sourcing; email has strong Hunter confidence."
2026-05-25,7,Lexi Lewtan,Lexi,Founder / CEO,Leopard.FYI,United States,lexi@leopard.fyi,Hunter email-finder,85,https://leopard.fyi/blog/introduce-your-company-to-leopard,"Founder of software-engineering focused recruiting community and hiring company; public blog emphasizes high-signal introductions and senior engineering community.",ready_pending_sender,"Send only one Leopard email in the first day to avoid duplicate same-company outreach."
2026-05-25,8,Jordan Leonard,Jordan,Founder / COO,Leopard.FYI,United States,jordan@leopard.fyi,Hunter email-finder,80,https://www.linkedin.com/in/jordanleonard1,"Founder/COO at Leopard.FYI; relevant technical recruiting workflow target.",backup_same_company,"Backup contact. Prefer Lexi first; do not email both in same initial micro-batch."
2026-05-25,9,Drew Koloski,Drew,Technical recruiting / recruiting technology,Fonzi AI,United States,drew@fonzi.ai,Hunter email-finder,95,https://fonzi.ai/blog/top-tech-recruiting-companies-agencies,"Recruiting technology builder in AI/engineering hiring; public site discusses multi-agent AI, technical sourcing, screening, and recruiter workflow.",ready_pending_sender,"Adjacent/competitive feedback target. Keep message framed as founder-to-founder feedback, not a sales blast."
